{
  "condition": "flat_road",
  "n_samples": 1823,
  "speed_range": {
    "min": 1.6670217079087153,
    "max": 5.376666666666666
  },
  "gct": {
    "alpha": 16.615270724857307,
    "d": -2.8382629805561272,
    "rmse": 0.10904354481703715,
    "n_samples": 1823,
    "speed_range": {
      "min": 1.6670217079087153,
      "max": 5.376666666666666
    }
  },
  "vo": {
    "a": 5.822780512314,
    "b": 0.7914361886119659,
    "rmse": 1.0120128707341787,
    "n_samples": 1823,
    "speed_range": {
      "min": 1.6670217079087153,
      "max": 5.376666666666666
    }
  },
  "vr": {
    "a": 13.12965990353065,
    "b": -1.453213815927015,
    "rmse": 0.9062392452233107,
    "n_samples": 1823,
    "speed_range": {
      "min": 1.6670217079087153,
      "max": 5.376666666666666
    }
  }
}
